{"cameraMode":{"drawMode":0,"name":"Shaded","section":"Shading Mode"},"sceneLighting":false,"audioPlay":false,"sceneViewState":{"m_AlwaysRefresh":false,"showFog":true,"showSkybox":false,"showFlares":true,"showImageEffects":true,"showParticleSystems":true,"showVisualEffectGraphs":true,"m_FxEnabled":true},"in2DMode":false,"pivot":{"x":-0.31484436988830569,"y":9.846757888793946,"z":0.8288341760635376},"rotation":{"x":0.18870702385902406,"y":-0.1554119884967804,"z":0.030259571969509126,"w":0.9691894054412842},"size":1.7334502935409547,"orthographic":false}