{"cameraMode":{"drawMode":0,"name":"Shaded","section":"Shading Mode"},"sceneLighting":false,"audioPlay":false,"sceneViewState":{"m_AlwaysRefresh":false,"showFog":true,"showSkybox":false,"showFlares":true,"showImageEffects":true,"showParticleSystems":true,"showVisualEffectGraphs":true,"m_FxEnabled":true},"in2DMode":false,"pivot":{"x":3.7379584312438967,"y":3.065338134765625,"z":-233.70404052734376},"rotation":{"x":0.09659875929355622,"y":-0.8803061246871948,"z":0.20370197296142579,"w":0.41744014620780947},"size":2.6693196296691896,"orthographic":false}