{"cameraMode":{"drawMode":0,"name":"Shaded","section":"Shading Mode"},"sceneLighting":false,"audioPlay":false,"sceneViewState":{"m_AlwaysRefresh":false,"showFog":true,"showSkybox":false,"showFlares":true,"showImageEffects":true,"showParticleSystems":true,"showVisualEffectGraphs":true,"m_FxEnabled":true},"in2DMode":false,"pivot":{"x":41.744972229003909,"y":0.94549959897995,"z":-193.8814697265625},"rotation":{"x":-0.024573132395744325,"y":-0.04588539898395538,"z":-0.0011050155153498054,"w":0.9986711144447327},"size":1.1520214080810547,"orthographic":false}