{"cameraMode":{"drawMode":0,"name":"Shaded","section":"Shading Mode"},"sceneLighting":false,"audioPlay":false,"sceneViewState":{"m_AlwaysRefresh":false,"showFog":true,"showSkybox":false,"showFlares":true,"showImageEffects":true,"showParticleSystems":true,"showVisualEffectGraphs":true,"m_FxEnabled":true},"in2DMode":false,"pivot":{"x":1.164968729019165,"y":14.942546844482422,"z":0.12977680563926698},"rotation":{"x":0.00949729885905981,"y":-0.9538775682449341,"z":0.2985192835330963,"w":0.0303391981869936},"size":2.258023262023926,"orthographic":true}